hours,f1
1.0,0.6666666666666666
3.0,0.6666666666666666
6.0,0.6666666666666666
